address,lat,lng,formatted_address,status,cached_at
"Świebodzin Świebodzin, Polska",52.2472962,15.5335721,"Świebodzin, Poland",OK,2026-04-21T18:25:48.440583
"66-400 Gorzów Wielkopolski, Polska",52.730011,15.2524862,"66-400 Gorzów Wielkopolski, Poland",OK,2026-04-21T18:25:48.588969
"71-837 Szczecin, Polska",53.4313964,14.5092544,"71-837 Szczecin, Poland",OK,2026-04-21T18:25:48.768449
"31-876 Kraków, Polska",50.0870718,19.9849429,"31-876 Kraków, Poland",OK,2026-04-21T18:25:48.907886
"33-300 Nowy Sącz, Polska",49.6151725,20.7173152,"33-300 Nowy Sącz, Poland",OK,2026-04-21T18:25:49.063189
"34-700 Ponice, Polska",49.5674021,19.9850536,"Ponice, Poland",OK,2026-04-21T18:25:49.212028
"92-103 Łódź, Polska",51.7948187,19.5138941,"92-103 Łódź, Poland",OK,2026-04-21T18:25:49.345212
"90-001 Łódź, Polska",51.773118,19.4805928,"90-001 Łódź, Poland",OK,2026-04-21T18:25:49.452090
"93-564 Łódź, Polska",51.7410194,19.4401259,"93-564 Łódź, Poland",OK,2026-04-21T18:25:49.567592
"10-454 Olsztyn, Polska",53.7731969,20.474504,"10-454 Olsztyn, Poland",OK,2026-04-21T18:25:49.714067
"10-088 Olsztyn, Polska",53.7601799,20.4864697,"10-088 Olsztyn, Poland",OK,2026-04-21T18:25:49.827842
"41-250 Czeladź, Polska",50.3171514,19.0850598,"41-250 Czeladź, Poland",OK,2026-04-21T18:25:49.997190
"41-300 Dąbrowa Górnicza, Polska",50.3393621,19.2371382,"41-300 Dąbrowa Górnicza, Poland",OK,2026-04-21T18:25:50.157933
"43-100 Tychy, Polska",50.120148,19.0185475,"43-100 Tychy, Poland",OK,2026-04-21T18:25:50.285326
"39-300 Mielec, Polska",50.2922018,21.4441947,"39-300 Mielec, Poland",OK,2026-04-21T18:25:50.395657
"38-430 Miejsce Piastowe, Polska",49.63456799999999,21.7869798,"38-430 Miejsce Piastowe, Poland",OK,2026-04-21T18:25:50.528764
"35-082 Rzeszów, Polska",50.0085258,21.9698619,"35-082 Rzeszów, Poland",OK,2026-04-21T18:25:50.677411
"47-400 Raciborz, Polska",50.0801458,18.2329677,"47-400 Raciborz, Poland",OK,2026-04-21T18:25:50.840920
"40-555 Katowice, Polska",50.231396,18.9878985,"40-555 Katowice, Poland",OK,2026-04-21T18:25:50.945380
"44-203 Rybnik, Polska",50.0925012,18.579504,"44-203 Rybnik, Poland",OK,2026-04-21T18:25:51.083927
"25-528 Kielce, Polska",50.8831034,20.6273697,"25-528 Kielce, Poland",OK,2026-04-21T18:25:51.215471
"25-323 Kielce, Polska",50.8804397,20.6507511,"25-323 Kielce, Poland",OK,2026-04-21T18:25:51.342937
"26-026 Daleszyce, Polska",50.7412043,20.613183,"26-026 Chmielowice, Poland",OK,2026-04-21T18:25:51.468858
"62-080 Tarnowo Podgórne, Polska",52.4626443,16.6734164,"Tarnowo Podgórne, Poland",OK,2026-04-21T18:25:51.576502
"64-700 Czarnków, Polska",52.90528,16.56567,"Czarnków, Poland",OK,2026-04-21T18:25:51.688589
"64-100 Leszno, Polska",51.8419861,16.5937545,"Leszno, Poland",OK,2026-04-21T18:25:51.814617
"59-300 Lubin, Polska",51.39772199999999,16.2095788,"Lubin, Poland",OK,2026-04-21T18:25:51.949491
"61-285 Poznań, Polska",52.38627640000001,16.9895286,"61-285 Poznań, Poland",OK,2026-04-21T18:25:52.079886
"07-410 Ostrołęka, Polska",53.0876544,21.5592554,"Ostrołęka, Poland",OK,2026-04-21T18:25:52.241107
"16-400 Suwałki, Polska",54.09621689999999,22.9216482,"16-400 Suwałki, Poland",OK,2026-04-21T18:25:52.375069
"16-300 Augustów, Polska",53.83003129999999,22.8745318,"16-300 Augustów, Poland",OK,2026-04-21T18:25:52.487458
"55-040 Bielany Wrocławskie, Polska",51.0395402,16.9690766,"Bielany Wrocławskie, Poland",OK,2026-04-21T18:25:52.638437
"53-633 Wrocław, Polska",51.1240393,17.0142005,"53-633 Wrocław, Poland",OK,2026-04-21T18:25:52.769307
"45-005 Opole, Polska",50.6731431,17.9180155,"45-005 Opole, Poland",OK,2026-04-21T18:25:52.917747
"42-512 Psary, Polska",50.37806980000001,19.1360402,"42-512 Sarnów, Poland",OK,2026-04-21T18:25:53.040293
"58-308 Dziećmorowice, Polska",50.7686275,16.3411493,"58-308 Dziećmorowice, Poland",OK,2026-04-21T18:25:53.185612
"59-220 Legnica, Polska",51.20676839999999,16.1593249,"59-220, Poland",OK,2026-04-21T18:25:53.300881
"58-309 Wałbrzych, Polska",50.8181804,16.2933979,"58-309 Wałbrzych, Poland",OK,2026-04-21T18:25:53.417613
"05-110 Rajszew, Polska",52.3979837,20.8412502,"05-110 Rajszew, Poland",OK,2026-04-21T18:25:53.531199
"03-576 Warszawa, Polska",52.2759041,21.0657484,"03-576 Warsaw, Poland",OK,2026-04-21T18:25:53.666048
"05-091 Ząbki, Polska",52.2901925,21.1168004,"05-091 Ząbki, Poland",OK,2026-04-21T18:25:53.800097
"05-082 Babice, Polska",52.25,20.85,"Stare Babice, 05-082, Poland",OK,2026-04-21T18:25:53.926943
"02-180 Warszawa, Polska",52.1842381,20.9507633,"02-180 Warsaw, Poland",OK,2026-04-21T18:25:54.064489
"26-600 Radom, Polska",51.39885150000001,21.1389249,"26-600 Radom, Poland",OK,2026-04-21T18:25:54.182377
"26-612 Radom, Polska",51.382835,21.1219574,"26-612 Radom, Poland",OK,2026-04-21T18:25:54.326892
"98-270 Złoczew, Polska",51.4171963,18.6035594,"98-270 Złoczew, Poland",OK,2026-04-21T18:25:54.466769
"55-002 Gajków, Polska",51.05826949999999,17.1865415,"55-002 Gajków, Poland",OK,2026-04-21T18:25:54.580580
"63-400 Ostrów Wielkopolski, Polska",51.6549856,17.8068258,"Ostrów Wielkopolski, Poland",OK,2026-04-21T18:25:54.886421
"80-298 Czaple, Polska",54.36385199999999,18.4333563,"80-298 Czaple, Poland",OK,2026-04-21T18:25:55.017609
"80-394 Gdańsk, Polska",54.4037314,18.5824464,"80-394 Gdańsk, Poland",OK,2026-04-21T18:25:55.138686
"80-174 Gdańsk, Polska",54.3277016,18.5352179,"80-174, Poland",OK,2026-04-21T18:25:55.258430
"76-251 Kobylnica, Polska",54.44056519999999,16.9983887,"Kobylnica, Poland",OK,2026-04-21T18:25:55.377336
"20-134 Lublin, Polska",51.26191129999999,22.5852344,"20-134 Lublin, Poland",OK,2026-04-21T18:25:55.508691
"20-315 Lublin, Polska",51.2293896,22.6180713,"20-315 Lublin, Poland",OK,2026-04-21T18:25:55.643908
"20-329 Lublin, Polska",51.2388153,22.5999364,"20-329 Lublin, Poland",OK,2026-04-21T18:25:55.752800
"20-555 Lublin, Polska",51.2361793,22.4963836,"20-555 Lublin, Poland",OK,2026-04-21T18:25:55.865157
"05-500 Mysiadło, Polska",52.09980849999999,21.0027422,"05-500 Mysiadło, Poland",OK,2026-04-21T18:25:55.988570
"02-801 Warszawa, Polska",52.1446768,21.0217689,"02-801 Warsaw, Poland",OK,2026-04-21T18:25:56.113362
"41-910 Bytom, Polska",50.3347966,18.9334251,"41-910 Bytom, Poland",OK,2026-04-21T18:25:56.248821
"41-914 Bytom, Polska",50.37766329999999,18.8773881,"41-914 Bytom, Poland",OK,2026-04-21T18:25:56.358355
"42-200 Częstochowa, Polska",50.7917373,19.1054779,"42-200 Częstochowa, Poland",OK,2026-04-21T18:25:56.485370
"85-739 Bydgoszcz, Polska",53.1235288,18.0679301,"85-739 Bydgoszcz, Poland",OK,2026-04-21T18:25:56.604751
"89-620 Lipienice, Polska",53.69228460000001,17.6195085,"89-620 Lipienice, Poland",OK,2026-04-21T18:25:56.710502
"87-100 Toruń, Polska",53.01394269999999,18.5465507,"87-100 Toruń, Poland",OK,2026-04-21T18:25:56.845052
"86-031 Jarużyn, Polska",53.19044479999999,18.1540169,"86-031 Jarużyn, Poland",OK,2026-04-21T18:25:56.971341
"44-335 Jastrzębie-Zdrój, Polska",49.9532294,18.6182247,"44-335 Jastrzębie-Zdrój, Poland",OK,2026-04-21T18:25:57.100211
"41-800 Zabrze, Polska",50.3114883,18.7696409,"41-800 Zabrze, Poland",OK,2026-04-21T18:25:57.217226
"43-332 Pisarzowice, Polska",49.88297739999999,19.1394321,"43-332 Pisarzowice, Poland",OK,2026-04-21T18:25:57.311187
"09-400 Płock, Polska",52.5595149,19.6480092,"09-400 Płock, Poland",OK,2026-04-21T18:25:57.440205
"96-500 Sochaczew, Polska",52.2293372,20.238359,"Sochaczew, Poland",OK,2026-04-21T18:25:57.576600
"87-800 Włocławek, Polska",52.6046686,19.0210666,"87-800 Włocławek, Poland",OK,2026-04-21T18:25:57.682035
"31-564 Kraków, Polska",50.0641816,19.9905042,"31-564 Kraków, Poland",OK,2026-04-21T18:25:57.817312
"30-698 Kraków, Polska",49.98053,19.9428924,"30-698 Kraków, Poland",OK,2026-04-21T18:25:57.934432
"30-663 Kraków, Polska",50.0142438,19.996997,"30-663 Kraków, Poland",OK,2026-04-21T18:25:58.060180
"31-346 Kraków, Polska",50.0957298,19.8876523,"31-346 Kraków, Poland",OK,2026-04-21T18:25:58.190059
"Bytca, Polska",51.919438,19.145136,Poland,OK,2026-04-22T12:06:51.303448
"Vranov nad Topľou, Polska",51.919438,19.145136,Poland,OK,2026-04-22T12:06:51.445906
"91-497 Łódz, Polska",51.81760140000001,19.441188,"91-497 Łódź, Poland",OK,2026-04-22T12:06:51.621835
"93-566 Łódz, Polska",51.7449294,19.4392964,"gen. Walerego Wróblewskiego, 93-566 Łódź, Poland",OK,2026-04-22T12:06:51.775597
"92-333 Łódź, Polska",51.7654513,19.4893464,"92-333 Łódź, Poland",OK,2026-04-22T12:06:51.897323
"95-200 Pabianice, Polska",51.6574061,19.356252,"95-200 Pabianice, Poland",OK,2026-04-22T12:06:52.017918
"97-300 Piotrków Trybunalski, Polska",51.4087265,19.6815355,"97-300 Piotrków Trybunalski, Poland",OK,2026-04-22T12:06:52.129693
"96-100 Skierniewice, Polska",51.9547169,20.1583303,"96-100 Skierniewice, Poland",OK,2026-04-22T12:06:52.234222
"26-300 Opoczno, Polska",51.3755633,20.2781935,"Opoczno, Poland",OK,2026-04-22T12:06:52.384588
"95-050 Konstantynów Łódzki, Polska",51.753546,19.3308734,"95-050 Konstantynów Łódzki, Poland",OK,2026-04-22T12:06:52.503874
"97-340 Milejów, Polska",51.3481551,19.7099581,"97-340 Milejów, Poland",OK,2026-04-22T12:06:52.656098
"97-400 Bełchatów, Polska",51.3687535,19.3564248,"97-400 Bełchatów, Poland",OK,2026-04-22T12:06:52.743832
"99-302 Kutno, Polska",52.2444602,19.3584004,"99-302 Kutno, Poland",OK,2026-04-22T12:06:52.839340
"91-071 Łódź, Polska",51.7768612,19.4388884,"91-071 Łódź, Poland",OK,2026-04-22T12:06:53.006802
"93-457 Łódź, Polska",51.7030126,19.4261654,"93-457 Łódź, Poland",OK,2026-04-22T12:06:53.119553
"91-359 Łódź Bałuty, Polska",51.800909,19.4210663,"91-359 Łódź, Poland",OK,2026-04-22T12:06:53.226246
"98-200 Sieradz, Polska",51.5938193,18.7191895,"98-200 Zduńska Wola, Poland",OK,2026-04-22T12:06:53.379843
"43-300 Bielsko Biała, Polska",49.8225693,19.0794698,"43-300 Bielsko-Biala, Poland",OK,2026-04-22T12:06:53.507842
"30-644 Kraków, Polska",50.027047,19.9590486,"30-644 Kraków, Poland",OK,2026-04-22T12:06:53.659046
"55-075 Bielany Wrocławskie, Polska",51.0395322,16.9692326,"55-075, Poland",OK,2026-04-22T12:06:53.819098
"41-923 Bytom, Polska",50.3582068,18.8418898,"41-923 Bytom, Poland",OK,2026-04-22T12:06:53.920728
"41-500 Chorzów, Polska",50.29586639999999,18.9581606,"41-500 Bytom, Poland",OK,2026-04-22T12:06:54.012930
"43-400 Cieszyn, Polska",49.7497638,18.6354709,"Cieszyn, Poland",OK,2026-04-22T12:06:54.166180
"44-100 Gliwice, Polska",50.2826742,18.686125,"44-100 Gliwice, Poland",OK,2026-04-22T12:06:54.295823
"67-200 Głogów Ruszowice, Polska",51.64252760000001,16.0794429,"67-210 Ruszowice, Poland",OK,2026-04-22T12:06:54.480015
"58-506 Jelenia Góra, Polska",50.91734049999999,15.7513439,"58-506 Jelenia Góra, Poland",OK,2026-04-22T12:06:54.577688
"40-315 Katowice, Polska",50.2715876,19.0660058,"40-315 Katowice, Poland",OK,2026-04-22T12:06:54.681641
"47-200 Kędzierzyn-Koźle, Polska",50.34607310000001,18.1354362,"47-200 Kędzierzyn-Koźle, Poland",OK,2026-04-22T12:06:54.831426
"25-211 Kielce, Polska",50.8466241,20.6410675,"25-211 Kielce, Poland",OK,2026-04-22T12:06:54.960902
"57-300 Kłodzko, Polska",50.4345636,16.6613941,"Kłodzko, Poland",OK,2026-04-22T12:06:55.085722
"30-418 Kraków, Polska",50.0207882,19.9342731,"30-418 Kraków, Poland",OK,2026-04-22T12:06:55.184970
"30-633 Kraków, Polska",50.0236188,19.9595448,"30-633 Kraków, Poland",OK,2026-04-22T12:06:55.289160
"30-964 Kraków, Polska",50.06465009999999,19.9449799,"Kraków, Poland",OK,2026-04-22T12:06:55.368694
"31-345 Kraków, Polska",50.091679,19.8926645,"31-345 Kraków, Poland",OK,2026-04-22T12:06:55.500642
"34-400 Nowy Targ, Polska",49.4961956,20.0341221,"34-400 Nowy Targ, Poland",OK,2026-04-22T12:06:55.689644
"48-303 Nysa, Polska",50.4766766,17.3353434,"Nysa, Poland",OK,2026-04-22T12:06:55.777941
"45-302 Opole, Polska",50.6719063,17.963785,"45-302 Opole, Poland",OK,2026-04-22T12:06:55.878146
"27-400 Ostrowiec Świętokrzyski, Polska",50.9295234,21.3851915,"27-400 Ostrowiec Świętokrzyski, Poland",OK,2026-04-22T12:06:56.023599
"32-600 Oświecim, Polska",50.0193986,19.2341297,"32-600, Poland",OK,2026-04-22T12:06:56.113802
"37-700 Przemyśl, Polska",49.7823132,22.7744294,"Przemyśl, Poland",OK,2026-04-22T12:06:56.250086
"47-400 Racibórz, Polska",50.0801458,18.2329677,"47-400 Raciborz, Poland",OK,2026-04-22T12:06:56.399984
"41-700 Ruda Śląska, Polska",50.3031284,18.8515015,"41-700 Ruda Śląska, Poland",OK,2026-04-22T12:06:56.491377
"44-200 Rybnik, Polska",50.0959151,18.5266265,"44-200 Rybnik, Poland",OK,2026-04-22T12:06:56.598689
"35-959 Rzeszów, Polska",50.0360024,22.0152079,"35-959 Rzeszów, Poland",OK,2026-04-22T12:06:56.735639
"26-110 Skarżysko Kamienna, Polska",51.1082534,20.863668,"26-110 Majków, Poland",OK,2026-04-22T12:06:56.839342
"41-219 Sosnowiec, Polska",50.3000762,19.1851996,"41-219 Sosnowiec, Poland",OK,2026-04-22T12:06:56.926863
"37-450 Stalowa Wola, Polska",50.5728611,22.0593409,"37-450 Stalowa Wola, Poland",OK,2026-04-22T12:06:57.155133
"42-600 Tarnowskie Góry, Polska",50.4505169,18.8340695,"42-600 Tarnowskie Góry, Poland",OK,2026-04-22T12:06:57.251955
"33-100 Tarnów, Polska",50.0121011,20.9858407,"33-100 Tarnów, Poland",OK,2026-04-22T12:06:57.378677
"58-306 Wałbrzych, Polska",50.8161382,16.307658,"58-306 Wałbrzych, Poland",OK,2026-04-22T12:06:57.470266
"51-156 Wrocław, Polska",51.10929480000001,17.0386019,"Wrocław, Poland",OK,2026-04-22T12:06:57.551708
"54-204 Wrocław, Polska",51.12160979999999,16.9899621,"54-204 Wrocław, Poland",OK,2026-04-22T12:06:57.650419
"54-610 Wrocław, Polska",51.1061428,16.9359002,"54-610 Wrocław, Poland",OK,2026-04-22T12:06:57.737548
"59-900 Zgorzelec, Polska",51.1496361,15.0065645,"59-900 Zgorzelec, Poland",OK,2026-04-22T12:06:57.872723
"44-240 Żory, Polska",50.02954039999999,18.6705109,"44-240 Żory, Poland",OK,2026-04-22T12:06:57.988931
"44-240 Żory-Rogoźna, Polska",50.03000000000001,18.66,"Rogoźna, 44-240 Żory, Poland",OK,2026-04-22T12:06:58.101948
"41-935 Bytom, Polska",50.3983386,18.87379,"41-935 Radzionków, Poland",OK,2026-04-22T12:06:58.199671
"46-300 Dobrodzień-Rzędowice, Polska",50.7523783,18.4537011,"46-380 Rzędowice, Poland",OK,2026-04-22T12:06:58.352762
"34-700 Rabka-Zdrój, Polska",49.591313,19.9767692,"34-700 Ponice, Poland",OK,2026-04-22T12:06:58.482315
"32-555 Zagórze, Polska",50.0912149,19.4050374,"32-555 Zagórze, Poland",OK,2026-04-22T12:06:58.589867
"55-220 Jelcz-Laskowice, Polska",51.0212945,17.3164789,"Jelcz-Laskowice, Poland",OK,2026-04-22T12:06:58.690129
"25-420 Kielce, Polska",50.8744903,20.6666998,"25-420 Kielce, Poland",OK,2026-04-22T12:06:58.794466
"36-001 Trzebownisko, Polska",50.0778422,22.0395662,"Trzebownisko, Poland",OK,2026-04-22T12:06:58.938820
"51-511 Wrocław, Polska",51.10675639999999,17.1427593,"51-511 Wrocław, Poland",OK,2026-04-22T12:06:59.064679
"42-400 Zawiercie, Polska",50.49645030000001,19.4462224,"42-400 Zawiercie, Poland",OK,2026-04-22T12:06:59.236314
"34-745 Spytkowice, Polska",49.577153,19.8336493,"Spytkowice, Poland",OK,2026-04-22T12:06:59.379570
"34-120 Andrychów, Polska",49.8549413,19.3414502,"34-120 Andrychów, Poland",OK,2026-04-22T12:06:59.519051
"58-200 Dzierżoniów, Polska",50.7308605,16.6567892,"Dzierżoniów, Poland",OK,2026-04-22T12:06:59.610210
"44-102 Gliwice, Polska",50.3125622,18.6669413,"44-102 Gliwice, Poland",OK,2026-04-22T12:06:59.752169
"67-200 Głogów, Polska",51.6574339,16.096829,"67-200, Poland",OK,2026-04-22T12:06:59.914873
"Katowice, Polska",50.26489189999999,19.0237815,"Katowice, Poland",OK,2026-04-22T12:07:00.002917
"40-028 Katowice, Polska",50.2476048,19.0301831,"40-028 Katowice, Poland",OK,2026-04-22T12:07:00.089865
"30-392 Kraków, Polska",50.0129747,19.8882338,"30-392 Kraków, Poland",OK,2026-04-22T12:07:00.253926
"31-870 Kraków, Polska",50.0754656,20.011478,"31-870 Kraków, Poland",OK,2026-04-22T12:07:00.417176
"32-085 Kraków, Polska",50.1244246,19.8551628,"32-085 Modlnica, Poland",OK,2026-04-22T12:07:00.514030
"36-007 Krasne k/Rzeszowa, Polska",50.0384685,22.0969371,"36-007 Krasne, Poland",OK,2026-04-22T12:07:00.644311
"38-400 Krosno, Polska",49.6824761,21.7660531,"Krosno, Poland",OK,2026-04-22T12:07:00.763222
"43-190 Mikołów, Polska",50.2038826,18.8383313,"43-190 Mikołów, Poland",OK,2026-04-22T12:07:00.871910
"45-837 Opole, Polska",50.6746299,17.8768989,"45-837 Opole, Poland",OK,2026-04-22T12:07:00.958009
"42-262 Poczesna, Polska",50.71610339999999,19.1597548,"42-262 Poczesna, Poland",OK,2026-04-22T12:07:01.053142
"35-115 Rzeszów, Polska",50.0364735,21.9750104,"35-115 Rzeszów, Poland",OK,2026-04-22T12:07:01.275541
"41-200 Sosnowiec, Polska",50.27388269999999,19.1506473,"41-200 Sosnowiec, Poland",OK,2026-04-22T12:07:01.368857
"58-310 Szczawno- Zdrój, Polska",50.80554619999999,16.251061,"58-310 Szczawno-Zdrój, Poland",OK,2026-04-22T12:07:01.484686
"58-100 Świdnica, Polska",50.8498434,16.475679,"Świdnica, Poland",OK,2026-04-22T12:07:01.625592
"39-400 Tarnobrzeg, Polska",50.6048126,21.7583103,"39-400 Tarnobrzeg, Poland",OK,2026-04-22T12:07:01.715783
"32-020 Wieliczka, Polska",49.9870619,20.0647971,"Wieliczka, Poland",OK,2026-04-22T12:07:01.809369
"50-424 Wrocław, Polska",51.0927501,17.0592893,"50-424 Wrocław, Poland",OK,2026-04-22T12:07:01.939568
"53-015 Wrocław, Polska",51.0648022,16.9968713,"53-015 Wrocław, Poland",OK,2026-04-22T12:07:02.047299
"55-095 Wrocław, Polska",51.1857341,17.1857535,"55-095 Bierzyce, Poland",OK,2026-04-22T12:07:02.191068
"17-306 Dziadkowice, Polska",52.5652013,22.9056677,"17-306 Dziadkowice, Poland",OK,2026-04-22T12:47:26.227811
"86-300 Grudziądz, Polska",53.4633563,18.779971,"86-300 Grudziądz, Poland",OK,2026-04-22T12:47:26.348314
"64-920 Piła, Polska",53.1537435,16.7327675,"64-920, Poland",OK,2026-04-22T12:47:26.463058
"16-411 Szypliszki, Polska",54.2531283,23.0754778,"16-411 Szypliszki, Poland",OK,2026-04-22T12:47:26.571912
"86-031 Żołędowo, Polska",53.1910499,18.1074893,"86-031 Jarużyn, Poland",OK,2026-04-22T12:47:26.685164
"77-200 Kawcze, Polska",54.0734329,16.8798928,"Kawcze, Poland",OK,2026-04-22T12:47:26.786561
"83-041 Mierzeszyn, Polska",54.2021238,18.4172871,"83-041 Mierzeszyn, Poland",OK,2026-04-22T12:47:26.877642
"85-372 Bydgoszcz, Polska",53.1322494,17.9004667,"85-372 Bydgoszcz, Poland",OK,2026-04-22T12:47:26.976216
"05-230 Kobyłka, Polska",52.3237661,21.2050491,"05-230 Ossów, Poland",OK,2026-04-22T12:47:27.090092
"05-506 Lesznowola, Polska",52.09068079999999,20.934516,"05-506 Lesznowola, Poland",OK,2026-04-22T12:47:27.198309
"63-600 Przybyszów, Polska",51.3228275,17.9431895,"63-600 Przybyszów, Poland",OK,2026-04-22T12:47:27.324545
"08-110 Siedlce, Polska",52.1676031,22.2901645,"Siedlce, Poland",OK,2026-04-22T12:47:27.423691
"68-200 Żary, Polska",51.6420121,15.1369992,"68-200 Żary, Poland",OK,2026-04-22T12:47:27.518775
"63-800 Gostyń, Polska",51.8786,17.01215,"63-800 Gostyń, Poland",OK,2026-04-22T12:47:27.597250
"63-410 Ostrów Wlkp, Polska",51.6549856,17.8068258,"Ostrów Wielkopolski, Poland",OK,2026-04-22T12:47:27.698567
"02-871 Warszawa, Polska",52.11090540000001,20.9982678,"02-871 Warsaw, Poland",OK,2026-04-22T12:47:27.786427
"66-403 Gorzów Wielkopolski, Polska",52.7325285,15.2369305,"Gorzów Wielkopolski, Poland",OK,2026-04-22T12:47:27.923967
"06-400 Pęchcin, Polska",52.861566,20.5728661,"06-400 Pęchcin, Poland",OK,2026-04-22T12:47:28.025378
"66-008 Świdnica, Polska",51.8875322,15.3899317,"Świdnica, Poland",OK,2026-04-22T12:47:28.135209
"Tarnów, Polska",50.0121011,20.9858407,"33-100 Tarnów, Poland",OK,2026-04-22T12:47:28.229864
"Chrzanów, Polska",50.13549279999999,19.402071,"Chrzanów, Poland",OK,2026-04-22T12:47:28.313716
"Stary Sącz, Polska",49.5641948,20.6359903,"33-340 Stary Sącz, Poland",OK,2026-04-22T12:47:28.424600
"Gorlice, Polska",49.6546159,21.1596321,"Gorlice, Poland",OK,2026-04-22T12:47:28.561887
"55-020 Mędłów, Polska",51.00414620000001,17.0488304,"Mędłów, Poland",OK,2026-04-22T12:47:28.640258
"44-353 Olza, Polska",49.958681,18.3433683,"44-353 Olza, Poland",OK,2026-04-22T12:47:28.782249
"33-388 Gołkowice Górne, Polska",49.54138409999999,20.5765818,"33-388 Gołkowice Górne, Poland",OK,2026-04-22T12:47:28.866694
"30-211 Kraków, Polska",50.05876680000001,19.8992256,"30-211 Kraków, Poland",OK,2026-04-22T12:47:28.953923
"31-416 Kraków, Polska",50.0905484,19.9776591,"31-416 Kraków, Poland",OK,2026-04-22T12:47:29.042854
"43-230 Goczałkowice-Zdrój, Polska",49.9427555,18.9659312,"43-230 Goczałkowice-Zdrój, Poland",OK,2026-04-22T12:47:29.162886
"41-103 Siemianowice Śląskie, Polska",50.32686409999999,19.0278397,"41-103 Siemianowice Śląskie, Poland",OK,2026-04-22T12:47:29.252396
"44-105 Gliwice, Polska",50.3203958,18.7001678,"44-105 Gliwice, Poland",OK,2026-04-22T12:47:29.382087
"38-200 Gorlice, Polska",49.6546159,21.1596321,"Gorlice, Poland",OK,2026-04-22T12:47:29.457371
"34-100 Wadowice, Polska",49.88278560000001,19.4939579,"34-100 Wadowice, Poland",OK,2026-04-22T12:47:29.552375
"34-103 Wyźrał, Polska",49.9459004,19.5698686,"Wyźrał, Poland",OK,2026-04-22T12:47:29.632564
"18-100 Łapy, Polska",52.9912947,22.8843128,"Łapy, Poland",OK,2026-04-24T10:11:33.284599
"44-535 Olza, Polska",49.9540537,18.3389763,"Olza, Poland",OK,2026-04-24T10:11:33.442882
"33-320 Korzenna, Polska",49.7067023,20.8345068,"Korzenna 33, 33-322, Poland",OK,2026-04-24T10:11:33.564812
"77-200 Miastko, Polska",54.0026,16.98265,"Miastko, Poland",OK,2026-04-24T10:11:33.696405
"70-777 Szczecin, Polska",53.3744163,14.6503763,"70-777 Szczecin, Poland",OK,2026-04-24T10:11:33.786572
"09-410 Płock, Polska",52.5347968,19.7588745,"09-410 Nowe Gulczewo, Poland",OK,2026-04-24T10:11:33.934957
"60-101 Poznań, Polska",52.3705696,16.8681833,"60-101 Poznań, Poland",OK,2026-04-24T10:11:34.024643
"24-100 Puławy, Polska",51.4164431,21.969309,"Puławy, Poland",OK,2026-04-24T10:11:34.114945
"02-495 Warszawa, Polska",52.1897033,20.8800041,"02-495 Warsaw, Poland",OK,2026-04-24T10:11:34.248791
"05-200 Wołomin, Polska",52.3567487,21.2667041,"05-200 Wołomin, Poland",OK,2026-04-24T10:11:34.356440
"22-400 Zamość, Polska",50.7230879,23.2519686,"22-400 Zamość, Poland",OK,2026-04-24T10:11:34.480863
"43-346 Bielsko-Biała, Polska",49.8228874,19.0530252,"43-346 Bielsko-Biala, Poland",OK,2026-04-24T10:11:34.586653
"32-500 Chrzanów, Polska",50.1426081,19.385754,"32-500 Chrzanów, Poland",OK,2026-04-24T10:11:34.687989
"33-499 Cieszyn, Polska",50.8149879,23.4696813,"Cieszyn 33, 22-425, Poland",OK,2026-04-24T10:11:34.783285
"37-500 Jarosław, Polska",50.0160977,22.6777391,"Jarosław, Poland",OK,2026-04-24T10:11:34.869794
"25-558 Kielce, Polska",50.8924447,20.6282868,"25-558 Kielce, Poland",OK,2026-04-24T10:11:35.000425
"33-156 Ładna, Polska",50.0075182,21.0863835,"Ładna, Poland",OK,2026-04-24T10:11:35.105487
"35-501 Rzeszów, Polska",50.0548456,21.9949123,"35-501 Rzeszów, Poland",OK,2026-04-24T10:11:35.249685
"Sanok, Polska",49.55501870000001,22.2060658,"Sanok, Poland",OK,2026-04-24T10:11:35.375819
"34-424 Szaflary, Polska",49.426862,20.0264196,"Szaflary, Poland",OK,2026-04-24T10:11:35.465440
"34-300 Żywiec, Polska",49.68713529999999,19.1893988,"34-300 Żywiec, Poland",OK,2026-04-24T10:11:35.599593
"80-298 Gdańsk, Polska",54.3690106,18.4710351,"80-298 Czaple, Poland",OK,2026-04-24T10:11:35.685847
"76-251 Kobylnica k/ Słupska, Polska",54.441609,16.996155,"Kobylnica k Slupska, 76-251 Kobylnica, Poland",OK,2026-04-24T10:11:35.833485
"96-620 Łódz, Polska",52.0595554,20.2866846,Poland,OK,2026-04-24T10:11:36.004781
"05-091 Warszawa, Polska",52.2901925,21.1168004,"05-091 Ząbki, Poland",OK,2026-04-24T10:11:36.148991
"05-110 Warszawa, Polska",52.3840544,20.9111806,"05-110 Rajszew, Poland",OK,2026-04-24T10:11:36.245554
"40-878 Katowice, Polska",50.2735334,18.9687481,"40-878 Katowice, Poland",OK,2026-04-27T12:36:04.446760
"32-620 Brzeszcze, Polska",49.991132,19.1505045,"32-620 Brzeszcze, Poland",OK,2026-04-27T12:36:04.578703
"58-400 Kamienna Góra, Polska",50.7852076,16.0237177,"Kamienna Góra, Poland",OK,2026-04-27T12:36:04.680856
"32-065 Krzeszowice, Polska",50.1357624,19.633988,"32-065 Krzeszowice, Poland",OK,2026-04-27T12:36:04.788700
"32-590 Libiąż, Polska",50.1095142,19.3301038,"32-590 Gromiec, Poland",OK,2026-04-27T12:36:04.891320
"46-100 Namysłów, Polska",51.061924,17.7112943,"46-100 Smarchowice Wielkie, Poland",OK,2026-04-27T12:36:05.003367
"48-300 Nysa, Polska",50.4766766,17.3353434,"Nysa, Poland",OK,2026-04-27T12:36:05.120418
"59-100 Polkowice, Polska",51.5024848,16.0620494,"Polkowice, Poland",OK,2026-04-27T12:36:05.207147
"34-200 Sucha Beskidzka, Polska",49.7465746,19.5802522,"34-200 Sucha Beskidzka, Poland",OK,2026-04-27T12:36:05.304044
"30-214 Kraków, Polska",50.06281930000001,19.8896027,"30-214 Kraków, Poland",OK,2026-04-27T12:36:05.487641
"37-400 Racławice, Polska",50.51322529999999,22.1658085,"Racławice, Poland",OK,2026-04-27T12:36:05.573495
"51-180 psary, Polska",51.1874511,17.0309602,"Psary, Poland",OK,2026-04-27T12:36:05.657677
"44-337 Jastrzębie Zdrój, Polska",49.9186944,18.6024767,"44-337 Jastrzębie-Zdrój, Poland",OK,2026-04-27T12:36:05.790605
"42-674 Zbrosławice, Polska",50.4072694,18.7082571,"42-674 Zawada, Poland",OK,2026-04-27T12:36:05.880583
"32-551 Babice, Polska",50.05533029999999,19.4273467,"Babice, Poland",OK,2026-04-27T12:36:06.032034
"32-060 Czułów, Polska",50.0594602,19.7014372,"Czułów, Poland",OK,2026-04-27T12:36:06.131296
"30-552 Kraków, Polska",50.0328533,19.9714018,"30-552 Kraków, Poland",OK,2026-04-27T12:36:06.214684
"26-085 Miedziana Góra, Polska",50.93108549999999,20.5652687,"26-085 Miedziana Góra, Poland",OK,2026-04-27T12:36:06.336196
"44-207 Rybnik, Polska",50.1580095,18.5373691,"44-207 Rybnik, Poland",OK,2026-04-27T12:36:06.471684
"32-040 Rzeszotary, Polska",49.9462085,19.972813,"32-040 Rzeszotary, Poland",OK,2026-04-27T12:36:06.553964
"41-407 Imielin, Polska",50.1530385,19.2011622,"41-407 Imielin, Poland",OK,2026-04-27T12:36:06.652777
"42-120 Miedźno, Polska",50.9699638,18.9814083,"Miedźno, Poland",OK,2026-04-27T12:36:06.737592
"44-120 Pyskowice, Polska",50.39557929999999,18.6346378,"Pyskowice, Poland",OK,2026-04-27T12:36:06.822555
"32-087 Zielonki, Polska",50.1180471,19.9210576,"32-087 Zielonki, Poland",OK,2026-04-27T12:36:06.899021
"44-335 Jastrzębie Zdrój, Polska",49.9532294,18.6182247,"44-335 Jastrzębie-Zdrój, Poland",OK,2026-04-27T12:36:07.032537
"38-430 Miejsce Piastowe k/Krosna, Polska",49.632911,21.7924322,"38-430 Miejsce Piastowe, Poland",OK,2026-04-27T12:36:07.155183
"44-122 Gliwice, Polska",50.2736568,18.660067,"44-122 Gliwice, Poland",OK,2026-04-28T10:39:10.794611
"77-100 Bytów, Polska",54.1706219,17.4916088,"Bytów, Poland",OK,2026-04-28T10:39:10.929146
"81-198 Pogórze, Polska",54.5661636,18.4837707,"81-198 Pogórze, Poland",OK,2026-04-28T10:39:11.063702
"83-000 Pruszcz Gdański, Polska",54.2621505,18.6361726,"Pruszcz Gdański, Poland",OK,2026-04-28T10:39:11.223325
"64-800 Chodzież, Polska",52.995267,16.9198184,"64-800 Chodzież, Poland",OK,2026-04-28T10:39:11.376738
"06-500 Mława, Polska",53.1274636,20.3568184,"06-500, Poland",OK,2026-04-28T10:39:11.511850
"67-100 Nowa Sól, Polska",51.7901014,15.6854645,"67-100, Poland",OK,2026-04-28T10:39:11.627842
"63-300 Pleszew, Polska",51.8963285,17.7870549,"63-300 Pleszew, Poland",OK,2026-04-28T10:39:11.762387
"09-200 Sierpc, Polska",52.8568142,19.669432,"09-200 Sierpc, Poland",OK,2026-04-28T10:39:11.869234
"22-600 Tomaszów Lubelski, Polska",50.447024,23.4163099,"22-600 Tomaszów Lubelski, Poland",OK,2026-04-28T10:39:12.008520
"64-200 Wolsztyn, Polska",52.1177088,16.1123378,"64-200 Wolsztyn, Poland",OK,2026-04-28T10:39:12.140344
"67-400 Wschowa, Polska",51.8071084,16.3164767,"Wschowa, Poland",OK,2026-04-28T10:39:12.293108
"65-247 Zielona Góra, Polska",51.9386752,15.5433444,"65-247 Zielona Góra, Poland",OK,2026-04-28T10:39:12.455667
"44-196 Knurów, Polska",50.235678,18.6558053,"44-196 Knurów, Poland",OK,2026-04-28T10:39:12.577801
"15-960 Białystok, Polska",53.13248859999999,23.1688403,"Białystok, Poland",OK,2026-04-28T10:39:12.695030
"85-312 Bydgoszcz, Polska",53.11616040000001,17.9682488,"85-312 Bydgoszcz, Poland",OK,2026-04-28T10:39:12.835967
"85-738 Bydgoszcz, Polska",53.1252119,18.0616195,"85-738 Bydgoszcz, Poland",OK,2026-04-28T10:39:12.983607
"75-736 Koszalin, Polska",54.1769421,16.2012628,"75-736 Koszalin, Poland",OK,2026-04-28T10:39:13.086550
"73-108 Lipnik, Polska",53.3425458,14.9689849,"Lipnik, Poland",OK,2026-04-28T10:39:13.194563
"70-807 Szczecin, Polska",53.3890767,14.6684,"70-807 Szczecin, Poland",OK,2026-04-28T10:39:13.302063
"71-046 Szczecin, Polska",53.4224215,14.4975385,"71-046 Szczecin, Poland",OK,2026-04-28T10:39:13.448030
"87-101 Toruń, Polska",53.0137902,18.5984437,"Toruń, Poland",OK,2026-04-28T10:39:13.584282
"22-100 Chełm, Polska",51.11211060000001,23.4388005,"22-100 Chełm, Poland",OK,2026-04-28T10:39:13.702621
"62-800 Kalisz, Polska",51.76727990000001,18.0853462,"62-800 Kalisz, Poland",OK,2026-04-28T10:39:13.840222
"62-571 Konin, Polska",52.1648256,18.2345278,"62-571 Lisiec Wielki, Poland",OK,2026-04-28T10:39:13.947916
"05-092 Łomianki, Polska",52.3336578,20.8869862,"05-092 Łomianki, Poland",OK,2026-04-28T10:39:14.049919
"05-400 Otwock, Polska",52.1290199,21.2940084,"05-400 Otwock, Poland",OK,2026-04-28T10:39:14.197300
"60-002 Poznań, Polska",52.3622375,16.8456062,"60-002 Poznań, Poland",OK,2026-04-28T10:39:14.299551
"61-655 Poznań, Polska",52.42916700000001,16.9356976,"61-655 Poznań, Poland",OK,2026-04-28T10:39:14.409592
"06-406 Przedwojewo, Polska",52.9202576,20.6609853,"Przedwojewo, Poland",OK,2026-04-28T10:39:14.547538
"05-300 Stojadła, Polska",52.1889726,21.5348169,"05-303 Stojadła, Poland",OK,2026-04-28T10:39:14.662835
"02-183 Warszawa, Polska",52.1692067,20.9345343,"02-183 Warsaw, Poland",OK,2026-04-28T10:39:14.770975
"02-473 Warszawa, Polska",52.203677,20.9263858,"02-473 Warsaw, Poland",OK,2026-04-28T10:39:14.904415
"03-287 Warszawa, Polska",52.3209538,21.0712509,"03-287 Warsaw, Poland",OK,2026-04-28T10:39:15.017314
"00-716 Warszawa, Polska",52.2121784,21.0655732,"00-716 Warsaw, Poland",OK,2026-04-28T10:39:15.155660
"87-122 Grębocin, Polska",53.0568199,18.7193086,"87-122 Grębocin, Poland",OK,2026-04-28T10:39:15.275827
"69-100 Słubice, Polska",52.351065,14.5604649,"Słubice, Poland",OK,2026-04-28T10:39:15.382968
"64-600 Bogdanowo, Polska",52.6230392,16.7959695,"64-600 Bogdanowo, Poland",OK,2026-04-28T10:39:15.508241
"66-200 Świebodzin, Polska",52.2472962,15.5335721,"Świebodzin, Poland",OK,2026-04-28T10:39:15.616135
"05-082 Wojcieszyn, Polska",52.2522109,20.8421586,"05-082, Poland",OK,2026-04-28T10:39:15.726088
"86-100 Świecie, Polska",53.4093843,18.4473864,"Świecie, Poland",OK,2026-04-28T10:39:15.852496
"68-120 Iłowa, Polska",51.5000229,15.1996268,"68-120 Iłowa, Poland",OK,2026-04-28T10:39:15.962824
"05-070 Sulejówek, Polska",52.2393893,21.2689142,"05-070 Sulejówek, Poland",OK,2026-04-28T10:39:16.102024
"15-585 Białystok, Polska",53.1000802,23.2283,"15-585 Białystok, Poland",OK,2026-04-28T10:39:16.211217
"17-300 Siemiatycze, Polska",52.42731999999999,22.86373,"Siemiatycze, Poland",OK,2026-04-28T10:39:16.317375
"26-900 Janików, Polska",51.5694507,21.5783223,"26-900 Janików, Poland",OK,2026-04-28T10:39:16.419257
"62-030 Luboń, Polska",52.3390849,16.882125,"62-030 Luboń, Poland",OK,2026-04-28T10:39:16.525316
"60-161 Poznań, Polska",52.3838368,16.8570944,"60-161 Poznań, Poland",OK,2026-04-28T10:39:16.633529
"80-180 Kowale, Polska",54.3092476,18.5612269,"Kowale, Poland",OK,2026-04-28T10:39:16.783183
"19-206 Miecze, Polska",53.6724885,22.5703642,"19-206 Miecze, Poland",OK,2026-04-28T10:39:16.910835
"11-700 Mrągowo, Polska",53.8641596,21.3048734,"Mrągowo, Poland",OK,2026-04-28T10:39:17.025324
"72-600 Świnoujście, Polska",53.90895889999999,14.2545075,"72-600 Świnoujście, Poland",OK,2026-04-28T10:39:17.148319
"99-300 Kutno, Polska",52.230618,19.364278,"99-300 Kutno, Poland",OK,2026-04-28T10:39:17.253856
"20-445 Lublin, Polska",51.2037397,22.5645949,"20-445 Lublin, Poland",OK,2026-04-28T10:39:17.391492
"22-200 Orchówek, Polska",51.52358659999999,23.5729622,"22-200 Orchówek, Poland",OK,2026-04-28T10:39:17.493292
"19-500 Gołdap, Polska",54.3069111,22.3034476,"Gołdap, Poland",OK,2026-04-28T10:39:17.598420
"77-400 Złotów, Polska",53.36381,17.04046,"Złotów, Poland",OK,2026-04-28T10:39:17.708051
"97-403 Katarzynka, Polska",51.4392159,19.3925983,"Katarzynka, Poland",OK,2026-04-28T10:39:17.839748
"26-700 Zwoleń, Polska",51.3553788,21.587725,"26-700 Zwoleń, Poland",OK,2026-04-28T10:39:17.957437
"32-020 Siercza, Polska",49.9720452,20.0427104,"32-020 Siercza, Poland",OK,2026-04-28T10:39:18.062683
"Chorzów, Polska",50.29395410000001,18.9544814,"Chorzów, Poland",OK,2026-04-28T10:39:18.163844
"62-100 Wągrowiec, Polska",52.80848,17.19966,"Wągrowiec, Poland",OK,2026-04-28T10:39:18.264389
"15-378 Białystok, Polska",53.072952,23.1322247,"15-378 Hryniewicze, Poland",OK,2026-04-28T10:39:18.362752
"82-300 Elbląg, Polska",54.1560613,19.4044897,"Elbląg, Poland",OK,2026-04-28T10:39:18.480678
"09-130 Baboszewo, Polska",52.6806252,20.2549886,"09-130 Baboszewo, Poland",OK,2026-04-28T10:39:18.615955
"15-680 Białystok, Polska",53.1611512,23.090089,"15-680 Białystok, Poland",OK,2026-04-28T10:39:18.727751
"15-727 Białystok, Polska",53.1270587,23.1142951,"15-727 Białystok, Poland",OK,2026-04-28T10:39:18.829288
"89-600 Chojnice, Polska",53.69963629999999,17.5586428,"89-600, Poland",OK,2026-04-28T10:39:18.930792
"88-100 Inowrocław, Polska",52.76722760000001,18.2599205,"88-100 Inowrocław, Poland",OK,2026-04-28T10:39:19.067360
"71-682 Szczecin, Polska",53.4548721,14.5696849,"71-682 Szczecin, Poland",OK,2026-04-28T10:39:19.192755
"61-136 Poznań, Polska",52.39584019999999,16.9525726,"61-136 Poznań, Poland",OK,2026-04-28T10:39:19.304463
"62-020 SWARZĘDZ, Polska",52.4099398,17.0784959,"Swarzędz, Poland",OK,2026-04-28T10:39:19.405263
"01-303 Warszawa, Polska",52.2193232,20.8924635,"01-303 Warsaw, Poland",OK,2026-04-28T10:39:19.527283
"00-175 Warszawa, Polska",52.25103970000001,20.9864678,"00-175 Warsaw, Poland",OK,2026-04-28T10:39:19.658142
"5091 Warszawa, Polska",52.2296756,21.0122287,"Warsaw, Poland",OK,2026-04-28T10:39:19.796113
"33-340 Stary Sącz, Polska",49.5641948,20.6359903,"33-340 Stary Sącz, Poland",OK,2026-04-29T06:24:14.980651
"02-847 Warszawa, Polska",52.1253456,21.0156912,"02-847 Warsaw, Poland",OK,2026-04-29T06:24:15.098004
"05-840 Brwinów, Polska",52.142598,20.7175048,"Brwinów, Poland",OK,2026-04-29T06:24:15.249390
"99-400 Łowicz, Polska",52.10619639999999,19.9461254,"99-400 Łowicz, Poland",OK,2026-04-29T06:24:15.358840
"98-220 Zduńska Wola, Polska",51.5990328,18.9393251,"98-220 Zduńska Wola, Poland",OK,2026-04-29T06:24:15.508952
"42-300 Myszków, Polska",50.5475453,19.3371231,"42-300 Myszków, Poland",OK,2026-04-29T06:24:15.622023
"05-500 Piaseczno, Polska",52.0811536,21.0238602,"05-500 Piaseczno, Poland",OK,2026-04-29T06:24:15.769716
"21-040 Świdnik, Polska",51.2168207,22.6914272,"21-040 Świdnik, Poland",OK,2026-04-29T08:12:48.776733
"01-460 Warszawa Wola Park, Polska",52.2418581,20.9311432,"Górczewska 124, 01-460 Warszawa, Poland",OK,2026-04-29T08:12:48.965028
"65-077 Zielona Góra, Polska",51.9398122,15.494702,"65-077 Zielona Góra, Poland",OK,2026-04-29T08:12:49.086688
"21-400 Łuków, Polska",51.927158,22.3830241,"21-400 Łuków, Poland",OK,2026-04-29T08:12:49.220024
"03-216 Warszawa, Polska",52.2932622,21.0032936,"03-216 Warsaw, Poland",OK,2026-04-29T08:12:49.379863
"05-110 Jabłonna, Polska",52.3840544,20.9111806,"05-110 Rajszew, Poland",OK,2026-04-29T08:12:49.496998
"05-090 Janki, Polska",52.1370599,20.8979621,"05-090 Janki, Poland",OK,2026-04-29T08:12:49.605830
"63-600 Mianowice, Polska",51.28248190000001,18.0112488,"63-600 Mianowice, Poland",OK,2026-04-29T08:12:49.688740
"60-004 Poznań, Polska",52.3591814,16.847775,"60-004 Poznań, Poland",OK,2026-04-29T08:12:49.844306
"26-620 Radom, Polska",51.364165,21.1263829,"26-620 Radom, Poland",OK,2026-04-29T08:12:49.978831
"62-002 Suchy Las, Polska",52.4753307,16.8789874,"Suchy Las, Poland",OK,2026-04-29T08:12:50.129480
"03-286 Warszawa, Polska",52.2947301,21.0514727,"03-286 Warsaw, Poland",OK,2026-04-29T08:12:50.260627
"04-242 Warszawa, Polska",52.24285279999999,21.1375533,"04-242 Warsaw, Poland",OK,2026-04-29T08:12:50.356601
"01-175 Warszawa, Polska",52.2391854,20.9708055,"01-175 Warsaw, Poland",OK,2026-04-29T08:12:50.498403
"65-735 Zielona Góra, Polska",51.9579068,15.4961659,"65-735 Zielona Góra, Poland",OK,2026-04-29T08:12:50.642224
"74-320 Barlinek, Polska",52.99444,15.21918,"Barlinek, Poland",OK,2026-04-30T09:39:18.968145
"11-200 Bartoszyce, Polska",54.2533,20.80806,"Bartoszyce, Poland",OK,2026-04-30T09:39:19.114107
"14-500 Braniewo, Polska",54.3797128,19.8200536,"Braniewo, Poland",OK,2026-04-30T09:39:19.227172
"87-300 Brodnica, Polska",53.2599703,19.3956618,"Brodnica, Poland",OK,2026-04-30T09:39:19.333666
"73-200 Choszczno, Polska",53.16928,15.41971,"73-200 Choszczno, Poland",OK,2026-04-30T09:39:19.481016
"76-150 Darłowo, Polska",54.4210664,16.410611,"Darłowo, Poland",OK,2026-04-30T09:39:19.576436
"74-400 Dębno, Polska",52.7542438,14.6819682,"74-400 Oborzany, Poland",OK,2026-04-30T09:39:19.727761
"11-500 Giżycko, Polska",54.03640499999999,21.7667341,"Giżycko, Poland",OK,2026-04-30T09:39:19.836215
"72-100 Goleniów, Polska",53.5624956,14.8596966,"72-100, Poland",OK,2026-04-30T09:39:19.945592
"72-300 Gryfice, Polska",53.91666000000001,15.1998891,"Gryfice, Poland",OK,2026-04-30T09:39:20.048729
"74-100 Gryfino, Polska",53.25238,14.48823,"Gryfino, Poland",OK,2026-04-30T09:39:20.169043
"14-200 Iława, Polska",53.5959811,19.5684104,"Iława, Poland",OK,2026-04-30T09:39:20.257053
"11-400 Kętrzyn, Polska",54.07657,21.37504,"Kętrzyn, Poland",OK,2026-04-30T09:39:20.339588
"78-100 Kołobrzeg, Polska",54.17591729999999,15.5832667,"Kołobrzeg, Poland",OK,2026-04-30T09:39:20.453180
"82-500 Kwidzyń, Polska",53.72635289999999,18.9323043,"Kwidzyn, Poland",OK,2026-04-30T09:39:20.575886
"18-400 Łomża, Polska",53.1781197,22.0590321,"Łomża, Poland",OK,2026-04-30T09:39:20.704743
"82-200 Malbork, Polska",54.0361319,19.0379763,"82-200 Malbork, Poland",OK,2026-04-30T09:39:20.799855
"88-300 Mogilno, Polska",52.6577648,17.9556925,"88-300 Mogilno, Poland",OK,2026-04-30T09:39:20.878055
"19-400 Olecko, Polska",54.0337279,22.5069431,"Olecko, Poland",OK,2026-04-30T09:39:20.975833
"84-100 Puck, Polska",54.71804770000001,18.4086339,"Puck, Poland",OK,2026-04-30T09:39:21.103698
"74-200 Pyrzyce, Polska",53.1459513,14.8808577,"74-200 Żabów, Poland",OK,2026-04-30T09:39:21.179967
"87-500 Rypin, Polska",53.0657106,19.4094097,"87-500 Rypin, Poland",OK,2026-04-30T09:39:21.300389
"89-400 Sępólno Krajeńskie, Polska",53.4513,17.53162,"Sępólno Krajeńskie, Poland",OK,2026-04-30T09:39:21.381749
"16-100 Sokólka, Polska",53.4061597,23.5030235,"Sokolka, Poland",OK,2026-04-30T09:39:21.459176
"73-110 Stargard Szczeciński, Polska",53.34172359999999,15.0305203,"73-110 Kiczarowo, Poland",OK,2026-04-30T09:39:21.558078
"78-400 Szczecinek, Polska",53.7166802,16.6824893,"78-400 Szczecinek, Poland",OK,2026-04-30T09:39:21.652416
"12-100 Szczytno, Polska",53.56354,20.99519,"12-100 Szczytno, Poland",OK,2026-04-30T09:39:21.727014
"78-300 Świdwin, Polska",53.77564,15.7742,"78-300 Swidwin, Poland",OK,2026-04-30T09:39:21.806316
"78-600 Wałcz, Polska",53.2734739,16.4752847,"Wałcz, Poland",OK,2026-04-30T09:39:21.921754
"87-200 Wąbrzeźno, Polska",53.2799634,18.9478368,"87-200 Wąbrzeźno, Poland",OK,2026-04-30T09:39:21.993509
"84-200 Wejherowo, Polska",54.6082174,18.2469643,"84-200 Wejherowo, Poland",OK,2026-04-30T09:39:22.067702
"78-520 Złocieniec, Polska",53.5300495,15.9883893,"78-520 Złocieniec, Poland",OK,2026-04-30T09:39:22.164088
"88-400 Żnin, Polska",52.84938469999999,17.719477,"88-400 Żnin, Poland",OK,2026-04-30T09:39:22.240057
"05-082 Babice Nowe, Polska",52.2478166,20.8473008,"05-082 Babice Nowe, Poland",OK,2026-04-30T09:39:22.324139
"66-110 Babimost, Polska",52.16469,15.8274998,"Babimost, Poland",OK,2026-04-30T09:39:22.438939
"21-500 Biała Podlaska, Polska",52.0338207,23.1202176,"21-500 Biała Podlaska, Poland",OK,2026-04-30T09:39:22.531887
"08-400 Garwolin, Polska",51.8971987,21.6149393,"08-400 Garwolin, Poland",OK,2026-04-30T09:39:22.618655
"62-200 Gniezno, Polska",52.5349253,17.5826575,"Gniezno, Poland",OK,2026-04-30T09:39:22.704614
"09-500 Gostynin, Polska",52.4293273,19.4619176,"Gostynin, Poland",OK,2026-04-30T09:39:22.784967
"05-530 Góra Kalwaria, Polska",51.97646599999999,21.215337,"05-530 Góra Kalwaria, Poland",OK,2026-04-30T09:39:22.934252
"62-065 Grodzisk Wielkopolski, Polska",52.2429765,16.3359322,"62-065 Grąblewo, Poland",OK,2026-04-30T09:39:23.020590
"05-600 Grójec, Polska",51.8655118,20.8666034,"05-600 Grójec, Poland",OK,2026-04-30T09:39:23.092565
"66-620 Gubin, Polska",51.9489824,14.7284576,"Gubin, Poland",OK,2026-04-30T09:39:23.166461
"22-500 Hrubieszów, Polska",50.80518,23.89091,"22-500 Hrubieszów, Poland",OK,2026-04-30T09:39:23.281873
"63-600 Kępno, Polska",51.2781356,17.9890591,"Kępno, Poland",OK,2026-04-30T09:39:23.356582
"62-600 Koło, Polska",52.19986,18.63847,"62-600 Koło, Poland",OK,2026-04-30T09:39:23.502836
"62-510 Konin, Polska",52.2553307,18.3212439,"62-510, Poland",OK,2026-04-30T09:39:23.582065
"66-470 Kostrzyn n/Odrą, Polska",52.6235765,14.6349097,"66-470 Kostrzyn nad Odrą, Poland",OK,2026-04-30T09:39:23.677724
"21-100 Lubartów, Polska",51.4598694,22.6094606,"21-100 Lubartów, Poland",OK,2026-04-30T09:39:23.757805
"68-300 Lubsko, Polska",51.78437100000001,14.9719305,"Lubsko, Poland",OK,2026-04-30T09:39:23.842140
"21-560 Międzyrzec Podlaski, Polska",51.9853496,22.7848432,"21-560 Międzyrzec Podlaski, Poland",OK,2026-04-30T09:39:23.918234
"66-300 Międzyrzecz, Polska",52.4444808,15.5779005,"Międzyrzecz, Poland",OK,2026-04-30T09:39:24.031275
"64-300 Nowy Tomyśl, Polska",52.3181885,16.1282552,"64-300 Nowy Tomyśl, Poland",OK,2026-04-30T09:39:24.112019
"63-400 Ostrów Wlkp, Polska",51.6549856,17.8068258,"Ostrów Wielkopolski, Poland",OK,2026-04-30T09:39:24.203813
"09-401 Płock, Polska",52.5033784,19.6838949,"09-401 Płock, Poland",OK,2026-04-30T09:39:24.322288
"09-100 Płońsk, Polska",52.6230132,20.3753589,"09-100 Płońsk, Poland",OK,2026-04-30T09:39:24.408343
"60-201 Poznań, Polska",52.3843436,16.9003302,"60-201 Poznań, Poland",OK,2026-04-30T09:39:24.535666
"06-300 Przasnysz, Polska",53.018984,20.880358,"Przasnysz, Poland",OK,2026-04-30T09:39:24.610888
"97-500 Radomsko, Polska",51.0668544,19.4449387,"Radomsko, Poland",OK,2026-04-30T09:39:24.729191
"21-300 Radzyń Podlaski, Polska",51.78320249999999,22.6218532,"21-300 Radzyń Podlaski, Poland",OK,2026-04-30T09:39:24.812252
"96-200 Rawa Mazowiecka, Polska",51.76623,20.25623,"96-200 Rawa Mazowiecka, Poland",OK,2026-04-30T09:39:24.909201
"63-900 Rawicz, Polska",51.60945,16.85863,"Rawicz, Poland",OK,2026-04-30T09:39:24.987217
"60-185 Skórzewo, Polska",52.3906266,16.7919124,"60-185 Skórzewo, Poland",OK,2026-04-30T09:39:25.071074
"62-400 Słupca, Polska",52.287267,17.8720745,"Słupca, Poland",OK,2026-04-30T09:39:25.195353
"08-300 Sokołów Podlaski, Polska",52.407031,22.2533607,"08-300 Sokołów Podlaski, Poland",OK,2026-04-30T09:39:25.310547
"66-500 Strzelce Krajeńskie, Polska",52.87728,15.52966,"Strzelce Krajeńskie, Poland",OK,2026-04-30T09:39:25.386127
"66-100 Sulechów, Polska",52.0831645,15.6253179,"66-100 Sulechów, Poland",OK,2026-04-30T09:39:25.459885
"67-300 Szprotawa, Polska",51.56695999999999,15.53798,"Szprotawa, Poland",OK,2026-04-30T09:39:25.544221
"63-100 Śrem, Polska",52.0887,17.01506,"Śrem, Poland",OK,2026-04-30T09:39:25.660136
"63-000 Środa Wielkopolska, Polska",52.22908,17.27607,"Środa Wielkopolska, Poland",OK,2026-04-30T09:39:25.747546
"97-200 Tomaszów Mazowiecki, Polska",51.5311945,20.0086471,"97-200 Tomaszów Mazowiecki, Poland",OK,2026-04-30T09:39:25.845069
"64-980 Trzcianka, Polska",53.0418691,16.4616755,"Trzcianka, Poland",OK,2026-04-30T09:39:25.933256
"98-300 Wieluń, Polska",51.2186,18.56892,"98-300 Wieluń, Poland",OK,2026-04-30T09:39:26.024374
"62-300 Września, Polska",52.32382,17.56654,"62-300 Września, Poland",OK,2026-04-30T09:39:26.099344
"07-200 Wyszków, Polska",52.5928523,21.458395,"Wyszków, Poland",OK,2026-04-30T09:39:26.221854
"85-817 Bydgoszcz, Polska",53.1131962,18.0406882,"85-817 Bydgoszcz, Poland",OK,2026-04-30T09:39:26.307128
"36-007 Krasne k. Rzeszowa, Polska",50.0431045,22.0888162,"k, Krasne 36-007, 36-007, Poland",OK,2026-05-04T11:47:26.277183
"43-300 BIELSKO-BIAŁA, Polska",49.8225693,19.0794698,"43-300 Bielsko-Biala, Poland",OK,2026-05-04T11:47:26.419502
"59-700 Bolesławiec, Polska",51.2658553,15.5657397,"59-700 Bolesławiec, Poland",OK,2026-05-04T11:47:26.544639
"49-300 Brzeg, Polska",50.856665,17.4749622,"49-300 Brzeg, Poland",OK,2026-05-04T11:47:26.667022
"32-800 Brzesko, Polska",49.9647187,20.6034471,"32-800 Brzesko, Poland",OK,2026-05-04T11:47:26.758758
"41-907 Bytom, Polska",50.3360288,18.8943387,"41-907 Bytom, Poland",OK,2026-05-04T11:47:26.877303
"33-200 Dąbrowa Tarnowska, Polska",50.17462,20.98638,"33-200 Dąbrowa Tarnowska, Poland",OK,2026-05-04T11:47:26.976270
"48-100 Głubczyce, Polska",50.20027,17.8287,"Głubczyce, Poland",OK,2026-05-04T11:47:27.094226
"48-340 Głuchołazy, Polska",50.31512,17.38347,"Głuchołazy, Poland",OK,2026-05-04T11:47:27.189917
"47-320 Gogolin, Polska",50.491597,18.0269711,"47-320 Obrowiec, Poland",OK,2026-05-04T11:47:27.284405
"38-300 Gorlice, Polska",49.6546159,21.1596321,"Gorlice, Poland",OK,2026-05-04T11:47:27.406175
"38-200 Jasło, Polska",49.7445663,21.4722875,"Jasło, Poland",OK,2026-05-04T11:47:27.511635
"43-600 Jaworzno, Polska",50.2003694,19.2987736,"43-600 Jaworzno, Poland",OK,2026-05-04T11:47:27.594821
"55-230 Jelcz-Laskowice, Polska",51.0212945,17.3164789,"Jelcz-Laskowice, Poland",OK,2026-05-04T11:47:27.682958
"58-500 Jelenia Góra, Polska",50.8864094,15.7704876,"58-500 Jelenia Góra, Poland",OK,2026-05-04T11:47:27.780011
"28-300 Jędrzejów, Polska",50.63936349999999,20.3038072,"28-300 Jedrzejow, Poland",OK,2026-05-04T11:47:27.910903
"46-203 Kluczbork, Polska",50.9796235,18.2134426,"46-203 Kluczbork, Poland",OK,2026-05-04T11:47:28.013800
"42-100 Kłobuck, Polska",50.908081,18.9275967,"42-100 Kłobuck, Poland",OK,2026-05-04T11:47:28.120461
"36-100 Kolbuszowa, Polska",50.24417,21.77627,"36-100 Kolbuszowa, Poland",OK,2026-05-04T11:47:28.209762
"38-600 Lesko, Polska",49.4701205,22.3304324,"Lesko, Poland",OK,2026-05-04T11:47:28.345545
"37-300 Leżajsk, Polska",50.2620534,22.4210807,"37-300 Leżajsk, Poland",OK,2026-05-04T11:47:28.440328
"37-600 Lubaczów, Polska",50.15621,23.12379,"Lubaczów, Poland",OK,2026-05-04T11:47:28.533897
"59-800 Lubań, Polska",51.11791419999999,15.2893895,"Luban, Poland",OK,2026-05-04T11:47:28.640751
"42-700 Lubliniec, Polska",50.6668008,18.6951984,"42-700 Jawornica, Poland",OK,2026-05-04T11:47:28.750139
"48-231 Lubrza, Polska",50.34506529999999,17.6206605,"48-231 Olszynka, Poland",OK,2026-05-04T11:47:28.842674
"37-100 Łańcut, Polska",50.06824,22.2298,"37-100 Łańcut, Poland",OK,2026-05-04T11:47:28.941202
"56-300 Milicz, Polska",51.5275957,17.2712122,"Milicz, Poland",OK,2026-05-04T11:47:29.030157
"37-400 Nisko, Polska",50.52001,22.13955,"37-400 Nisko, Poland",OK,2026-05-04T11:47:29.156718
"57-402 Nowa Ruda, Polska",50.546922,16.5475371,"57-402 Nowa Ruda, Poland",OK,2026-05-04T11:47:29.262345
"55-200 Oława, Polska",50.9459276,17.2924017,"Oława, Poland",OK,2026-05-04T11:47:29.403380
"41-940 Piekary Śląskie, Polska",50.384499,18.9401442,"41-940 Piekary Śląskie, Poland",OK,2026-05-04T11:47:29.494728
"37-200 Przeworsk, Polska",50.05869999999999,22.49377,"Przeworsk, Poland",OK,2026-05-04T11:47:29.619326
"43-200 Pszczyna, Polska",49.9868161,18.9254287,"43-200 Brzeźce, Poland",OK,2026-05-04T11:47:29.713163
"41-706 Ruda Śląska, Polska",50.24810129999999,18.8610768,"41-706 Ruda Śląska, Poland",OK,2026-05-04T11:47:29.823189
"27-600 Sandomierz, Polska",50.6822405,21.7501781,"Sandomierz, Poland",OK,2026-05-04T11:47:29.918455
"38-500 Sanok, Polska",49.55501870000001,22.2060658,"Sanok, Poland",OK,2026-05-04T11:47:30.011976
"41-100 Siemianowice Śląskie, Polska",50.3053184,19.0287203,"41-100 Siemianowice Śląskie, Poland",OK,2026-05-04T11:47:30.139746
"58-150 Strzegom, Polska",50.5189916,21.3154189,"Strzegom 58, 28-221, Poland",OK,2026-05-04T11:47:30.239917
"47-100 Strzelce Opolskie, Polska",50.51092,18.29987,"Strzelce Opolskie, Poland",OK,2026-05-04T11:47:30.346257
"56-500 Syców, Polska",51.30787,17.72016,"Syców, Poland",OK,2026-05-04T11:47:30.442781
"55-300 Środa Śląska, Polska",51.1641896,16.5925834,"Środa Śląska, Poland",OK,2026-05-04T11:47:30.528145
"58-160 Świebodzice, Polska",50.8614447,16.3269987,"58-160 Świebodzice, Poland",OK,2026-05-04T11:47:30.617065
"41-605 Świętochłowice, Polska",50.3072898,18.9062517,"41-605 Świętochłowice, Poland",OK,2026-05-04T11:47:30.714973
"32-540 Trzebinia, Polska",50.15847,19.4694,"Trzebinia, Poland",OK,2026-05-04T11:47:30.829519
"55-100 Trzebnica, Polska",51.3104211,17.0632716,"Trzebnica, Poland",OK,2026-05-04T11:47:30.925528
"43-450 Ustroń, Polska",49.7302992,18.8105755,"43-450 Ustroń, Poland",OK,2026-05-04T11:47:31.026177
"44-300 Wodzisław Śląski, Polska",50.003137,18.4719102,"Wodzislaw Slaski, Poland",OK,2026-05-04T11:47:31.151582
"57-200 Ząbkowice Śląskie, Polska",50.5893617,16.8132419,"Ząbkowice Śląskie, Poland",OK,2026-05-04T11:47:31.263650
"47-330 Zdzieszowice, Polska",50.42422,18.12477,"Zdzieszowice, Poland",OK,2026-05-04T11:47:31.360595
"58-308 Wałbrzych, Polska",50.7686275,16.3411493,"58-308 Dziećmorowice, Poland",OK,2026-05-04T11:47:31.486405
"07-100 Węgrów, Polska",52.3991566,22.0164265,"Węgrów, Poland",OK,2026-05-04T11:47:31.587892
"33-100 TARNÓW, Polska",50.0121011,20.9858407,"33-100 Tarnów, Poland",OK,2026-05-04T11:47:31.729539
"0 Katowice, Polska",50.26489189999999,19.0237815,"Katowice, Poland",OK,2026-05-04T11:47:31.861178
"20-234 Lublin, Polska",51.24351309999999,22.6633796,"20-234 Lublin, Poland",OK,2026-05-05T11:01:08.942352
"64-500 Szamotuły, Polska",52.6116547,16.5779047,"64-500 Szamotuły, Poland",OK,2026-05-05T11:01:09.124483
"10-373 Wadąg, Polska",53.8200046,20.5245947,"10-373 Wadąg, Poland",OK,2026-05-05T11:01:09.257875
"15-502 Białystok, Polska",53.0920825,23.2188319,"15-502 Białystok, Poland",OK,2026-05-05T11:01:09.345332
"10-602 Olsztyn, Polska",53.7591776,20.5099666,"10-602 Olsztyn, Poland",OK,2026-05-05T11:01:09.434260
"07-130 Łochów, Polska",52.5307,21.68182,"Łochów, Poland",OK,2026-05-05T11:01:09.528840
"87-610 Dobrzyń nad Wisłą, Polska",52.6375464,19.3182434,"Dobrzyń nad Wisłą, Poland",OK,2026-05-05T11:01:09.611883
"07-411 Rzekuń, Polska",53.0521061,21.6384882,"07-411 Rzekuń, Poland",OK,2026-05-05T11:01:09.705205
"85-791 Bydgoszcz, Polska",53.1543145,18.1464728,"85-791 Bydgoszcz, Poland",OK,2026-05-05T11:01:09.817875
"80-176 Gdańsk, Polska",54.3496426,18.5307342,"80-176 Gdańsk, Poland",OK,2026-05-05T11:01:09.899751
"80-309 Gdańsk, Polska",54.39991449999999,18.5708188,"80-309 Gdańsk, Poland",OK,2026-05-05T11:01:10.002945
"81-577 Gdynia, Polska",54.4931352,18.4204956,"81-577 Gdynia, Poland",OK,2026-05-05T11:01:10.079385
"70-001 Kołbaskowo, Polska",53.3837975,14.5115744,"70-001 Szczecin, Poland",OK,2026-05-05T11:01:10.155246
"75-900 Koszalin, Polska",54.1597582,16.2141647,"75-900 Koszalin, Poland",OK,2026-05-05T11:01:10.259636
"10-748 Olsztyn, Polska",53.7562675,20.4698753,"10-748 Olsztyn, Poland",OK,2026-05-05T11:01:10.350340
"84-230 Rumia, Polska",54.5830379,18.4079375,"84-230 Rumia, Poland",OK,2026-05-05T11:01:10.428997
"32-095 Iwanowice, Polska",50.22567189999999,19.9621383,"32-095 Iwanowice Włościańskie, Poland",OK,2026-05-06T10:11:05.859736
"20-207 Lublin, Polska",51.25383919999999,22.6029132,"20-207 Lublin, Poland",OK,2026-05-06T10:11:06.028857
"04-042 Warszawa, Polska",52.231466,21.0869312,"04-042 Warsaw, Poland",OK,2026-05-06T10:11:06.130103
"Brezno, Polska",53.69953049999999,15.7916057,"Brzeżno, Poland",OK,2026-05-06T10:11:06.241428
"34-730 Mszana Dolna, Polska",49.67402999999999,20.07982,"Mszana Dolna, Poland",OK,2026-05-06T10:11:06.382258
"36-001 Trzebownisko 423, Polska",50.0746558,22.026783,"Trzebownisko 423, 36-001, Poland",OK,2026-05-06T10:11:06.482908
"46-024 Brynica, Polska",50.806447,17.9358195,"Brynica, Poland",OK,2026-05-06T10:11:06.565427
"22-680 Lubycza Królewska, Polska",50.3429216,23.5175571,"22-680 Dyniska Nowe, Poland",OK,2026-05-06T10:11:06.698312
"34-324 Lipowa, Polska",49.6750613,19.0939008,"Lipowa, Poland",OK,2026-05-06T10:11:06.806933
"18-421 Drozdowo, Polska",53.1504382,22.1746304,"18-421 Drozdowo, Poland",OK,2026-05-06T10:11:06.979074
"19-300 Ełk, Polska",53.8280529,22.3646629,"Ełk, Poland",OK,2026-05-08T13:42:13.533079
"80-299 Gdańsk, Polska",54.4211977,18.4633564,"80-299 Gdańsk, Poland",OK,2026-05-08T13:42:13.647828
"80-314 Gdańsk, Polska",54.3949802,18.579575,"80-314 Gdańsk, Poland",OK,2026-05-08T13:42:13.758116
"11-041 Olsztyn, Polska",53.8038347,20.3901947,"11-041 Warkały, Poland",OK,2026-05-08T13:42:13.864957
"14-100 Ostróda, Polska",53.69630069999999,19.9647952,"14-100 Ostróda, Poland",OK,2026-05-08T13:42:13.963599
"76-200 Słupsk, Polska",54.4917561,16.9872768,"76-200, Poland",OK,2026-05-08T13:42:14.051630
"83-200 Starogard Gdański, Polska",53.965614,18.5162736,"83-200 Starogard Gdański, Poland",OK,2026-05-08T13:42:14.140755
"71-001 Szczecin, Polska",53.3981287,14.5071822,"71-001 Szczecin, Poland",OK,2026-05-08T13:42:14.255934
"62-020 Swarzędz, Polska",52.4099398,17.0784959,"Swarzędz, Poland",OK,2026-05-08T13:42:14.414133
"04-186 Warszawa, Polska",52.2384435,21.116537,"04-186 Warsaw, Poland",OK,2026-05-08T13:42:14.535987
